specification,coef,se,p_value,n
Alt. DV (Total Decline),0.04750538955056305,0.02538492126935557,0.06337618713685073,148
