beta_unrestricted,beta_full,beta_oster,r2_unrestricted,r2_full
0.013110838158070784,0.017071301199304757,0.19908172197350782,0.10217447195158255,0.12129469522718422
