specification,coef,se,p_value,n
Excluding 11 outliers,0.023873841913828804,0.0064655386464705315,3.266241725723824e-4,137
