observed,perm_median,perm_mean,perm_sd,n_perm,p_value
0.0198921283128265,1.1699669418204621e-4,9.387739232983475e-5,0.0054240474484779635,2000,0
