specification,coef,se,p_value,n
Regional FE,0.012037263091240568,0.0071846193625593625,0.09616636341810415,148
